Year,X5.,Mean,X95.,scenario
1950,-0.06003,0.252242,0.608546,Historical
1951,-0.0556856,0.274715,0.525308,Historical
1952,-0.0428913,0.274303,0.540725,Historical
1953,-0.0205299,0.253376,0.535419,Historical
1954,-0.127657,0.246369,0.553914,Historical
1955,-0.0454359,0.273183,0.541897,Historical
1956,-0.122056,0.270194,0.595489,Historical
1957,-0.0815188,0.26802,0.57224,Historical
1958,-0.0351503,0.258518,0.534191,Historical
1959,-0.0235373,0.258082,0.555881,Historical
1960,-0.083648,0.275816,0.549635,Historical
1961,0.0237076,0.278716,0.596956,Historical
1962,-0.114702,0.243163,0.485732,Historical
1963,-0.154688,0.146068,0.446616,Historical
1964,-0.199097,0.0675637,0.358201,Historical
1965,-0.189913,0.0892355,0.330021,Historical
1966,-0.0801923,0.136807,0.41921,Historical
1967,-0.252428,0.13223,0.43186,Historical
1968,-0.225698,0.163259,0.469934,Historical
1969,-0.141856,0.197771,0.431807,Historical
1970,-0.0973114,0.211585,0.493199,Historical
1971,-0.187701,0.228505,0.531925,Historical
1972,-0.179701,0.20259,0.472747,Historical
1973,-0.0230189,0.226456,0.451735,Historical
1974,-0.0151033,0.246628,0.497963,Historical
1975,-0.0295577,0.211784,0.529958,Historical
1976,-0.0158827,0.219708,0.468149,Historical
1977,0.0225135,0.278376,0.499191,Historical
1978,0.0282921,0.282009,0.611599,Historical
1979,-0.0254563,0.311394,0.570115,Historical
1980,0.0330293,0.34729,0.624456,Historical
1981,0.113745,0.377955,0.592297,Historical
1982,0.0713663,0.337443,0.585534,Historical
1983,-0.0139346,0.23189,0.568651,Historical
1984,0.134554,0.303182,0.607088,Historical
1985,0.0504538,0.354818,0.646899,Historical
1986,0.145226,0.38841,0.688514,Historical
1987,0.166573,0.437567,0.693618,Historical
1988,0.152693,0.471578,0.695916,Historical
1989,0.293242,0.516417,0.7338,Historical
1990,0.409507,0.586496,0.817305,Historical
1991,0.300284,0.565131,0.814267,Historical
1992,0.065736,0.292329,0.523401,Historical
1993,0.149989,0.348397,0.626579,Historical
1994,0.167363,0.450393,0.681278,Historical
1995,0.282344,0.490861,0.751686,Historical
1996,0.356335,0.565519,0.755367,Historical
1997,0.434545,0.638018,0.845823,Historical
1998,0.445872,0.645688,0.831704,Historical
1999,0.445269,0.681837,0.865118,Historical
2000,0.537534,0.735275,0.871411,Historical
2001,0.604782,0.798701,0.999765,Historical
2002,0.597459,0.820328,0.991021,Historical
2003,0.682348,0.856159,0.994181,Historical
2004,0.689514,0.865993,1.06856,Historical
2005,0.693329,0.884204,1.06246,Historical
2006,0.692701,0.899079,1.08839,Historical
2007,0.732211,0.928693,1.10407,Historical
2008,0.792066,0.942816,1.13052,Historical
2009,0.797398,0.961617,1.15798,Historical
2010,0.836971,1.00262,1.28012,Historical
2011,0.842644,1.03633,1.18925,Historical
2012,0.882825,1.0613,1.24067,Historical
2013,0.913046,1.08492,1.2857,Historical
2014,0.930436,1.10004,1.33164,Historical
2015,1.015464594,1.098806697,1.187128662,SSP1_1_9
2016,1.032164094,1.123233684,1.219921902,SSP1_1_9
2017,1.04992247,1.148855749,1.253968339,SSP1_1_9
2018,1.068048495,1.17520481,1.289161376,SSP1_1_9
2019,1.084378535,1.200603567,1.324116437,SSP1_1_9
2020,1.09938112,1.225472443,1.359480014,SSP1_1_9
2021,1.116316397,1.251715813,1.395545562,SSP1_1_9
2022,1.131426639,1.276959015,1.431435217,SSP1_1_9
2023,1.143703642,1.300042351,1.466095905,SSP1_1_9
2024,1.155780874,1.321454671,1.497793007,SSP1_1_9
2025,1.167700257,1.343829074,1.531443563,SSP1_1_9
2026,1.182071659,1.366752732,1.563874518,SSP1_1_9
2027,1.195750002,1.388259638,1.594148766,SSP1_1_9
2028,1.206357913,1.407256662,1.622647885,SSP1_1_9
2029,1.217020393,1.426049766,1.650491691,SSP1_1_9
2030,1.228010672,1.443502648,1.675340717,SSP1_1_9
2031,1.234975855,1.45908255,1.700707144,SSP1_1_9
2032,1.241240694,1.474052992,1.725904055,SSP1_1_9
2033,1.247567865,1.487861154,1.74810147,SSP1_1_9
2034,1.252629551,1.499359368,1.767090988,SSP1_1_9
2035,1.256775085,1.51006706,1.786170265,SSP1_1_9
2036,1.260589191,1.52004617,1.803607484,SSP1_1_9
2037,1.263875027,1.528241087,1.81815649,SSP1_1_9
2038,1.265462329,1.535336004,1.831783309,SSP1_1_9
2039,1.268507447,1.54306938,1.845647127,SSP1_1_9
2040,1.270907329,1.549635039,1.857401273,SSP1_1_9
2041,1.271823516,1.55412145,1.867063289,SSP1_1_9
2042,1.273603829,1.558734535,1.875360869,SSP1_1_9
2043,1.275930824,1.562800424,1.882665436,SSP1_1_9
2044,1.276253415,1.566356881,1.8907446,SSP1_1_9
2045,1.274597569,1.568121079,1.89679855,SSP1_1_9
2046,1.270629053,1.567168399,1.900476847,SSP1_1_9
2047,1.265763208,1.567000396,1.905980032,SSP1_1_9
2048,1.26235169,1.566768572,1.910409224,SSP1_1_9
2049,1.259214937,1.566172001,1.912853669,SSP1_1_9
2050,1.256735313,1.565447871,1.915745129,SSP1_1_9
2051,1.253047772,1.564642917,1.918877277,SSP1_1_9
2052,1.250034246,1.562828892,1.919199539,SSP1_1_9
2053,1.246170714,1.561234665,1.920868475,SSP1_1_9
2054,1.242980939,1.559963113,1.922369929,SSP1_1_9
2055,1.238873751,1.557207222,1.921647934,SSP1_1_9
2056,1.232554112,1.553330979,1.920791334,SSP1_1_9
2057,1.22701849,1.54982954,1.920842844,SSP1_1_9
2058,1.222183131,1.547309302,1.921430927,SSP1_1_9
2059,1.216978398,1.543649204,1.920122109,SSP1_1_9
2060,1.212213163,1.540005436,1.918086553,SSP1_1_9
2061,1.20752798,1.53662847,1.917334395,SSP1_1_9
2062,1.202415928,1.533170728,1.916515345,SSP1_1_9
2063,1.196397937,1.529034933,1.914450361,SSP1_1_9
2064,1.191742153,1.524952988,1.911503175,SSP1_1_9
2065,1.186890879,1.520569432,1.908890886,SSP1_1_9
2066,1.183505684,1.517917251,1.907473218,SSP1_1_9
2067,1.181340115,1.514436812,1.90344047,SSP1_1_9
2068,1.177199255,1.510551237,1.900505832,SSP1_1_9
2069,1.171648234,1.506502879,1.898528916,SSP1_1_9
2070,1.166891475,1.502784565,1.896324093,SSP1_1_9
2071,1.165372742,1.499301826,1.892040728,SSP1_1_9
2072,1.162020676,1.49557313,1.889017839,SSP1_1_9
2073,1.158920128,1.492243106,1.885799074,SSP1_1_9
2074,1.155584091,1.489024857,1.883054807,SSP1_1_9
2075,1.153372256,1.486705666,1.881010708,SSP1_1_9
2076,1.15043848,1.483224809,1.878038874,SSP1_1_9
2077,1.146358958,1.479470223,1.87543331,SSP1_1_9
2078,1.142783735,1.474762246,1.869705067,SSP1_1_9
2079,1.139108606,1.469025303,1.862536122,SSP1_1_9
2080,1.135514602,1.463558932,1.856716228,SSP1_1_9
2081,1.132788013,1.459295511,1.851606595,SSP1_1_9
2082,1.129081173,1.455213334,1.84734907,SSP1_1_9
2083,1.125923459,1.451042728,1.842422596,SSP1_1_9
2084,1.122325394,1.44657267,1.837981079,SSP1_1_9
2085,1.120064283,1.443611109,1.834984588,SSP1_1_9
2086,1.115473733,1.439094809,1.83130304,SSP1_1_9
2087,1.109808487,1.434457525,1.827549216,SSP1_1_9
2088,1.106180967,1.429551556,1.822303125,SSP1_1_9
2089,1.101440051,1.42389761,1.816791778,SSP1_1_9
2090,1.095231466,1.417880784,1.811103423,SSP1_1_9
2091,1.092253861,1.414310347,1.807548505,SSP1_1_9
2092,1.089385558,1.410984269,1.803013212,SSP1_1_9
2093,1.084497879,1.407192649,1.79876971,SSP1_1_9
2094,1.079756934,1.40334356,1.795293457,SSP1_1_9
2095,1.075387246,1.39959568,1.791378137,SSP1_1_9
2096,1.070570419,1.395931947,1.787640245,SSP1_1_9
2097,1.065702889,1.392230646,1.782751462,SSP1_1_9
2098,1.061259238,1.38840286,1.778048169,SSP1_1_9
2099,1.056232565,1.384914343,1.774195015,SSP1_1_9
2015,1.010285968,1.099247547,1.196468787,SSP1_2_6
2016,1.027753755,1.124936489,1.232380706,SSP1_2_6
2017,1.045768498,1.151127281,1.267276552,SSP1_2_6
2018,1.063368498,1.176866572,1.302330444,SSP1_2_6
2019,1.081300896,1.202266409,1.340350751,SSP1_2_6
2020,1.09865454,1.228768373,1.378903227,SSP1_2_6
2021,1.114052097,1.254123596,1.414332501,SSP1_2_6
2022,1.13023214,1.278778937,1.449860415,SSP1_2_6
2023,1.146167254,1.30178068,1.484397476,SSP1_2_6
2024,1.161122394,1.325222232,1.521392977,SSP1_2_6
2025,1.175604574,1.350618531,1.552925162,SSP1_2_6
2026,1.189768229,1.372619163,1.585592684,SSP1_2_6
2027,1.204514327,1.395754585,1.614728989,SSP1_2_6
2028,1.218856351,1.417280592,1.645861947,SSP1_2_6
2029,1.232814777,1.439774724,1.678248809,SSP1_2_6
2030,1.246874653,1.460753546,1.70836156,SSP1_2_6
2031,1.259753185,1.48046995,1.737507885,SSP1_2_6
2032,1.270556296,1.499200188,1.765484912,SSP1_2_6
2033,1.281696377,1.517611007,1.792770565,SSP1_2_6
2034,1.291473976,1.534261347,1.820492619,SSP1_2_6
2035,1.299266308,1.549817928,1.843521653,SSP1_2_6
2036,1.307635271,1.56524088,1.867629645,SSP1_2_6
2037,1.315347228,1.579491812,1.893450366,SSP1_2_6
2038,1.323293169,1.594629592,1.917318029,SSP1_2_6
2039,1.331534996,1.609538329,1.940528663,SSP1_2_6
2040,1.339642935,1.622439625,1.96203604,SSP1_2_6
2041,1.346727778,1.635165952,1.983618275,SSP1_2_6
2042,1.354334544,1.647946033,2.006871617,SSP1_2_6
2043,1.359253627,1.660422854,2.029218993,SSP1_2_6
2044,1.364642585,1.669689911,2.049021985,SSP1_2_6
2045,1.370174478,1.679842347,2.067024313,SSP1_2_6
2046,1.375088309,1.690823895,2.082946783,SSP1_2_6
2047,1.378215359,1.700404272,2.112893037,SSP1_2_6
2048,1.381058223,1.708019939,2.128091857,SSP1_2_6
2049,1.384713231,1.716008714,2.14282916,SSP1_2_6
2050,1.38574559,1.723816299,2.156089668,SSP1_2_6
2051,1.387556832,1.732702155,2.169123281,SSP1_2_6
2052,1.391785543,1.740365356,2.181836055,SSP1_2_6
2053,1.394137457,1.747410789,2.193510973,SSP1_2_6
2054,1.395253781,1.754036512,2.204807216,SSP1_2_6
2055,1.397690539,1.760044209,2.215678754,SSP1_2_6
2056,1.398037165,1.765643665,2.22533482,SSP1_2_6
2057,1.398942502,1.770448395,2.233615485,SSP1_2_6
2058,1.401268375,1.774362385,2.242317217,SSP1_2_6
2059,1.4024254,1.778051519,2.250150496,SSP1_2_6
2060,1.40304165,1.782696197,2.257247589,SSP1_2_6
2061,1.405418734,1.78585273,2.263809255,SSP1_2_6
2062,1.406355635,1.787993181,2.269791713,SSP1_2_6
2063,1.408127056,1.791742064,2.274116523,SSP1_2_6
2064,1.410168982,1.794761577,2.279494195,SSP1_2_6
2065,1.411076301,1.797476505,2.285248935,SSP1_2_6
2066,1.410641732,1.798835813,2.289981306,SSP1_2_6
2067,1.410876824,1.798589211,2.293074106,SSP1_2_6
2068,1.410725848,1.799042173,2.296298541,SSP1_2_6
2069,1.409967256,1.801170645,2.299917709,SSP1_2_6
2070,1.40946363,1.800509257,2.303786568,SSP1_2_6
2071,1.409144936,1.800176143,2.307275671,SSP1_2_6
2072,1.408099532,1.800643782,2.310121048,SSP1_2_6
2073,1.40671703,1.799682314,2.313491728,SSP1_2_6
2074,1.407026849,1.799241901,2.316333283,SSP1_2_6
2075,1.406321877,1.798608142,2.319976901,SSP1_2_6
2076,1.40704158,1.797969429,2.322319708,SSP1_2_6
2077,1.406602207,1.796334256,2.323878021,SSP1_2_6
2078,1.403537741,1.793544319,2.324984202,SSP1_2_6
2079,1.400259221,1.792229004,2.326365615,SSP1_2_6
2080,1.398355882,1.788891938,2.326129072,SSP1_2_6
2081,1.393610726,1.786833311,2.327203687,SSP1_2_6
2082,1.391900192,1.783811909,2.327554774,SSP1_2_6
2083,1.388847844,1.780553457,2.32888364,SSP1_2_6
2084,1.383839488,1.777842173,2.329567221,SSP1_2_6
2085,1.38185377,1.774576942,2.330611199,SSP1_2_6
2086,1.378968542,1.772189482,2.331366762,SSP1_2_6
2087,1.37416306,1.769013637,2.332965733,SSP1_2_6
2088,1.368898956,1.764498228,2.332888421,SSP1_2_6
2089,1.364901995,1.760809845,2.332466457,SSP1_2_6
2090,1.360256627,1.758729909,2.331471247,SSP1_2_6
2091,1.356950757,1.75431596,2.33264913,SSP1_2_6
2092,1.352560162,1.749871218,2.3325151,SSP1_2_6
2093,1.348302326,1.746275025,2.332138776,SSP1_2_6
2094,1.342932863,1.742477455,2.331450735,SSP1_2_6
2095,1.338564519,1.738994,2.330311127,SSP1_2_6
2096,1.333901173,1.734824558,2.329500645,SSP1_2_6
2097,1.32877629,1.731581064,2.328148477,SSP1_2_6
2098,1.324557219,1.727422952,2.326610444,SSP1_2_6
2099,1.31965213,1.723633029,2.32461298,SSP1_2_6
2015,1.011144608,1.10322925,1.194781866,SSP2_4_5
2016,1.029887849,1.126901764,1.229157004,SSP2_4_5
2017,1.047697989,1.151919167,1.264237823,SSP2_4_5
2018,1.064357115,1.177257279,1.300235845,SSP2_4_5
2019,1.081321737,1.202910643,1.336964835,SSP2_4_5
2020,1.100338789,1.229934511,1.377739359,SSP2_4_5
2021,1.119937782,1.255799225,1.412803967,SSP2_4_5
2022,1.138716512,1.28132557,1.447621289,SSP2_4_5
2023,1.154824297,1.306667293,1.481779292,SSP2_4_5
2024,1.171267596,1.332846258,1.515087607,SSP2_4_5
2025,1.18363507,1.357636732,1.548510258,SSP2_4_5
2026,1.201553501,1.381202411,1.58150717,SSP2_4_5
2027,1.219137706,1.405550503,1.615513408,SSP2_4_5
2028,1.237643952,1.432808941,1.649756038,SSP2_4_5
2029,1.256396786,1.458037594,1.684459967,SSP2_4_5
2030,1.274936568,1.482942756,1.719285454,SSP2_4_5
2031,1.292468585,1.506218011,1.753360469,SSP2_4_5
2032,1.308623294,1.529446014,1.785807756,SSP2_4_5
2033,1.324961658,1.551432291,1.819314982,SSP2_4_5
2034,1.342530448,1.572800123,1.852066718,SSP2_4_5
2035,1.359069945,1.594112393,1.883886441,SSP2_4_5
2036,1.375798722,1.617129302,1.915774852,SSP2_4_5
2037,1.392802574,1.640932093,1.94766386,SSP2_4_5
2038,1.411512044,1.665194436,1.981725927,SSP2_4_5
2039,1.430457864,1.689145255,2.015682911,SSP2_4_5
2040,1.447977302,1.712334759,2.048896825,SSP2_4_5
2041,1.464779511,1.736928986,2.083229703,SSP2_4_5
2042,1.482958172,1.761675215,2.11754981,SSP2_4_5
2043,1.501285495,1.786704846,2.151695109,SSP2_4_5
2044,1.518787095,1.809090932,2.186173353,SSP2_4_5
2045,1.535671298,1.830748445,2.226299124,SSP2_4_5
2046,1.55135397,1.854509375,2.258704353,SSP2_4_5
2047,1.566968531,1.879956886,2.293169331,SSP2_4_5
2048,1.583189502,1.901738633,2.328049804,SSP2_4_5
2049,1.597920268,1.922370183,2.359299245,SSP2_4_5
2050,1.613801546,1.945773953,2.400274991,SSP2_4_5
2051,1.630250557,1.973295137,2.423388203,SSP2_4_5
2052,1.647301767,1.994489481,2.461921457,SSP2_4_5
2053,1.661258232,2.017039307,2.494223806,SSP2_4_5
2054,1.675918118,2.038640485,2.524524756,SSP2_4_5
2055,1.690577165,2.061187219,2.545671128,SSP2_4_5
2056,1.703619849,2.083904415,2.576943514,SSP2_4_5
2057,1.717177835,2.104357818,2.60607776,SSP2_4_5
2058,1.73096209,2.124835499,2.633794612,SSP2_4_5
2059,1.743458393,2.14550685,2.662063183,SSP2_4_5
2060,1.758285299,2.165121683,2.699825595,SSP2_4_5
2061,1.773046521,2.186229471,2.728224837,SSP2_4_5
2062,1.785509831,2.205377039,2.765178908,SSP2_4_5
2063,1.7993755,2.225378859,2.792999656,SSP2_4_5
2064,1.814209079,2.245274117,2.819375596,SSP2_4_5
2065,1.827924401,2.26340709,2.846629969,SSP2_4_5
2066,1.840756964,2.28125641,2.871768497,SSP2_4_5
2067,1.854123418,2.298366149,2.897578102,SSP2_4_5
2068,1.867429464,2.316237794,2.921361728,SSP2_4_5
2069,1.879681029,2.333860647,2.945109757,SSP2_4_5
2070,1.890761741,2.349677232,2.968366923,SSP2_4_5
2071,1.901598857,2.365764147,3.000346851,SSP2_4_5
2072,1.914047231,2.385652582,3.024821907,SSP2_4_5
2073,1.926265693,2.400872441,3.047696386,SSP2_4_5
2074,1.937030968,2.420856025,3.072036799,SSP2_4_5
2075,1.94788663,2.436986628,3.095418607,SSP2_4_5
2076,1.95922178,2.44928257,3.118471459,SSP2_4_5
2077,1.970828215,2.469227025,3.142116963,SSP2_4_5
2078,1.981238541,2.484956601,3.165511964,SSP2_4_5
2079,1.990776586,2.498688922,3.186745369,SSP2_4_5
2080,1.999453728,2.512986406,3.207514773,SSP2_4_5
2081,2.008041731,2.527228874,3.228755902,SSP2_4_5
2082,2.017824317,2.542410978,3.250691705,SSP2_4_5
2083,2.025909162,2.557049642,3.272186147,SSP2_4_5
2084,2.033985479,2.571728182,3.292892258,SSP2_4_5
2085,2.044171134,2.586203367,3.312704515,SSP2_4_5
2086,2.054352756,2.600524191,3.334216547,SSP2_4_5
2087,2.062797688,2.614442537,3.355945506,SSP2_4_5
2088,2.070566443,2.627413769,3.376209412,SSP2_4_5
2089,2.078155205,2.638886883,3.396525164,SSP2_4_5
2090,2.085345749,2.65009197,3.415727347,SSP2_4_5
2091,2.09393502,2.664827267,3.43502017,SSP2_4_5
2092,2.100788431,2.675315457,3.453625846,SSP2_4_5
2093,2.107396097,2.686949806,3.471900048,SSP2_4_5
2094,2.11452817,2.698345707,3.48783778,SSP2_4_5
2095,2.121174476,2.709810212,3.504371381,SSP2_4_5
2096,2.12658145,2.721366589,3.520521903,SSP2_4_5
2097,2.132023203,2.730280537,3.536065591,SSP2_4_5
2098,2.138235773,2.739833945,3.550991277,SSP2_4_5
2099,2.144144373,2.748133705,3.565740717,SSP2_4_5
2015,1.004819771,1.094355372,1.191356909,SSP3_7_0
2016,1.020225949,1.117928984,1.223910538,SSP3_7_0
2017,1.037919257,1.143450954,1.257961742,SSP3_7_0
2018,1.05563076,1.169831477,1.293765534,SSP3_7_0
2019,1.072718511,1.194815689,1.333080909,SSP3_7_0
2020,1.091036931,1.220170947,1.370755151,SSP3_7_0
2021,1.10903394,1.246637159,1.406841456,SSP3_7_0
2022,1.125932764,1.272722975,1.442604037,SSP3_7_0
2023,1.143262484,1.298628835,1.473310669,SSP3_7_0
2024,1.160836266,1.323940762,1.514017394,SSP3_7_0
2025,1.17865779,1.349195876,1.549546991,SSP3_7_0
2026,1.197034989,1.375721086,1.585632059,SSP3_7_0
2027,1.215712848,1.40325435,1.622117376,SSP3_7_0
2028,1.235792308,1.432134839,1.655038045,SSP3_7_0
2029,1.255146496,1.460234515,1.692432562,SSP3_7_0
2030,1.275278833,1.488259292,1.730267694,SSP3_7_0
2031,1.295744599,1.517410639,1.768977616,SSP3_7_0
2032,1.316980208,1.546276025,1.807687354,SSP3_7_0
2033,1.33694704,1.57446024,1.847415638,SSP3_7_0
2034,1.35946623,1.601990582,1.886146522,SSP3_7_0
2035,1.381661204,1.629818762,1.924070302,SSP3_7_0
2036,1.403978169,1.659600945,1.967068669,SSP3_7_0
2037,1.426399279,1.690527409,2.006207027,SSP3_7_0
2038,1.446730798,1.720359928,2.04663326,SSP3_7_0
2039,1.47000673,1.74949416,2.086582468,SSP3_7_0
2040,1.497057272,1.781320366,2.128589055,SSP3_7_0
2041,1.522525371,1.815078355,2.166976675,SSP3_7_0
2042,1.547611928,1.847174852,2.214677386,SSP3_7_0
2043,1.571469404,1.876230382,2.25658778,SSP3_7_0
2044,1.595442964,1.907567189,2.29976387,SSP3_7_0
2045,1.619481419,1.940398884,2.343254962,SSP3_7_0
2046,1.64429321,1.973963077,2.386487629,SSP3_7_0
2047,1.669187416,2.006339542,2.429366419,SSP3_7_0
2048,1.692866399,2.037212553,2.470722476,SSP3_7_0
2049,1.717817482,2.066088305,2.513280735,SSP3_7_0
2050,1.741237339,2.100658252,2.558017479,SSP3_7_0
2051,1.766395101,2.133239502,2.599704479,SSP3_7_0
2052,1.791891347,2.166502308,2.64346712,SSP3_7_0
2053,1.81880757,2.200312819,2.687983501,SSP3_7_0
2054,1.841548792,2.234904158,2.732865774,SSP3_7_0
2055,1.86437941,2.268249558,2.781599759,SSP3_7_0
2056,1.890380396,2.3003807,2.827362135,SSP3_7_0
2057,1.917329206,2.333724096,2.872319337,SSP3_7_0
2058,1.943529933,2.368426761,2.917282495,SSP3_7_0
2059,1.967684459,2.403768093,2.963919837,SSP3_7_0
2060,1.991583339,2.438560719,3.00982612,SSP3_7_0
2061,2.017031072,2.473101372,3.056240383,SSP3_7_0
2062,2.039082805,2.510043872,3.104100941,SSP3_7_0
2063,2.065378282,2.546709029,3.152418654,SSP3_7_0
2064,2.09198967,2.58408702,3.198879473,SSP3_7_0
2065,2.117522442,2.62183267,3.248458548,SSP3_7_0
2066,2.141511749,2.658745784,3.29757265,SSP3_7_0
2067,2.167577405,2.695752566,3.346323494,SSP3_7_0
2068,2.192251362,2.729997831,3.395707389,SSP3_7_0
2069,2.220263205,2.764676095,3.444902872,SSP3_7_0
2070,2.245425751,2.799205476,3.493878921,SSP3_7_0
2071,2.272365182,2.837206249,3.543115349,SSP3_7_0
2072,2.300354272,2.875600342,3.592440615,SSP3_7_0
2073,2.327844687,2.912321573,3.642674969,SSP3_7_0
2074,2.357693646,2.950057146,3.692318714,SSP3_7_0
2075,2.387656519,2.987484987,3.743753445,SSP3_7_0
2076,2.416924636,3.028042487,3.795487204,SSP3_7_0
2077,2.441958592,3.065965237,3.847690732,SSP3_7_0
2078,2.469616897,3.102424883,3.89889925,SSP3_7_0
2079,2.499193852,3.140936604,3.95008048,SSP3_7_0
2080,2.528447437,3.181039699,4.001346385,SSP3_7_0
2081,2.555687923,3.218318401,4.053526173,SSP3_7_0
2082,2.583027883,3.254365012,4.103912571,SSP3_7_0
2083,2.611602736,3.29317655,4.157411058,SSP3_7_0
2084,2.64027343,3.332336794,4.213172011,SSP3_7_0
2085,2.668919219,3.371378585,4.268736129,SSP3_7_0
2086,2.696717782,3.40911871,4.323224653,SSP3_7_0
2087,2.727168131,3.448358067,4.377564293,SSP3_7_0
2088,2.760144966,3.489697214,4.432394144,SSP3_7_0
2089,2.789997852,3.529516524,4.484233766,SSP3_7_0
2090,2.820434413,3.567628711,4.541136017,SSP3_7_0
2091,2.847464529,3.606357659,4.595606189,SSP3_7_0
2092,2.876382375,3.645376137,4.649576731,SSP3_7_0
2093,2.904347473,3.684243773,4.704165499,SSP3_7_0
2094,2.932247134,3.721228859,4.758397787,SSP3_7_0
2095,2.959684718,3.758451683,4.812137964,SSP3_7_0
2096,2.986875182,3.796472137,4.867172565,SSP3_7_0
2097,3.014037051,3.835123649,4.922075236,SSP3_7_0
2098,3.04039236,3.87238348,4.975588316,SSP3_7_0
2099,3.066456893,3.908723065,5.027862931,SSP3_7_0
2015,1.02088485,1.110087613,1.214464776,SSP5_8_5
2016,1.040534549,1.136829795,1.25105004,SSP5_8_5
2017,1.060932977,1.166138801,1.289023335,SSP5_8_5
2018,1.0792721,1.195275185,1.329558642,SSP5_8_5
2019,1.099178782,1.223857844,1.373857311,SSP5_8_5
2020,1.120566689,1.25372695,1.415059583,SSP5_8_5
2021,1.142972412,1.283470132,1.456781771,SSP5_8_5
2022,1.165054366,1.315981986,1.501338114,SSP5_8_5
2023,1.186427869,1.346799974,1.538984085,SSP5_8_5
2024,1.205258007,1.376803342,1.581494073,SSP5_8_5
2025,1.224146437,1.409638531,1.626236508,SSP5_8_5
2026,1.247006611,1.441877806,1.667999994,SSP5_8_5
2027,1.271120574,1.475212514,1.711516607,SSP5_8_5
2028,1.294156066,1.509049321,1.756477731,SSP5_8_5
2029,1.31830495,1.543635754,1.798085458,SSP5_8_5
2030,1.340855325,1.576928656,1.841457709,SSP5_8_5
2031,1.364782525,1.610439138,1.88685013,SSP5_8_5
2032,1.390625815,1.644262338,1.932285068,SSP5_8_5
2033,1.410746028,1.677874345,1.978728279,SSP5_8_5
2034,1.434906733,1.712720129,2.024747366,SSP5_8_5
2035,1.458803203,1.74763477,2.071520093,SSP5_8_5
2036,1.483370971,1.783015571,2.117948977,SSP5_8_5
2037,1.509067962,1.8177852,2.162790839,SSP5_8_5
2038,1.536156714,1.853785112,2.211017366,SSP5_8_5
2039,1.563592434,1.892334385,2.260369028,SSP5_8_5
2040,1.591664263,1.932941125,2.312494525,SSP5_8_5
2041,1.620760393,1.973450266,2.365856632,SSP5_8_5
2042,1.648541063,2.011311167,2.416993986,SSP5_8_5
2043,1.677784592,2.052008843,2.471009802,SSP5_8_5
2044,1.707986856,2.094221047,2.527432897,SSP5_8_5
2045,1.738701628,2.135517351,2.582179875,SSP5_8_5
2046,1.768256094,2.177517119,2.638026939,SSP5_8_5
2047,1.79819346,2.21934435,2.694732948,SSP5_8_5
2048,1.832998455,2.260737596,2.750675288,SSP5_8_5
2049,1.865793893,2.304063948,2.812369457,SSP5_8_5
2050,1.899725505,2.348434423,2.870155476,SSP5_8_5
2051,1.933048069,2.392893215,2.928542183,SSP5_8_5
2052,1.965051158,2.438887476,2.987667093,SSP5_8_5
2053,1.999754677,2.486342319,3.047965994,SSP5_8_5
2054,2.03306485,2.531059711,3.108461599,SSP5_8_5
2055,2.06526083,2.573277659,3.168048726,SSP5_8_5
2056,2.099080158,2.619445982,3.228513671,SSP5_8_5
2057,2.131211509,2.668121188,3.291170378,SSP5_8_5
2058,2.164340103,2.712618401,3.352780301,SSP5_8_5
2059,2.19571636,2.757157671,3.414799933,SSP5_8_5
2060,2.228158125,2.796679823,3.478178364,SSP5_8_5
2061,2.26227942,2.844935016,3.543039511,SSP5_8_5
2062,2.297131054,2.893293154,3.609132135,SSP5_8_5
2063,2.319130703,2.942002221,3.674559273,SSP5_8_5
2064,2.352932824,2.989032509,3.739416082,SSP5_8_5
2065,2.385391021,3.036282075,3.816983113,SSP5_8_5
2066,2.415014936,3.08611574,3.88210483,SSP5_8_5
2067,2.448551765,3.134536202,3.945988339,SSP5_8_5
2068,2.48309938,3.18064827,4.010491262,SSP5_8_5
2069,2.516484988,3.229456906,4.076478094,SSP5_8_5
2070,2.549009183,3.279564756,4.144222375,SSP5_8_5
2071,2.582351789,3.329393298,4.213888528,SSP5_8_5
2072,2.615776651,3.376201434,4.282297224,SSP5_8_5
2073,2.651925744,3.426389033,4.352691631,SSP5_8_5
2074,2.687713187,3.478239948,4.421785408,SSP5_8_5
2075,2.726767994,3.528473273,4.494372531,SSP5_8_5
2076,2.763976099,3.578517491,4.56747786,SSP5_8_5
2077,2.799776056,3.62956571,4.639567984,SSP5_8_5
2078,2.835702712,3.679307267,4.712642367,SSP5_8_5
2079,2.870909367,3.733668902,4.78535493,SSP5_8_5
2080,2.903927307,3.784346387,4.857812326,SSP5_8_5
2081,2.937935092,3.833343571,4.927053897,SSP5_8_5
2082,2.972805508,3.885569436,5.00079507,SSP5_8_5
2083,3.007826204,3.939075944,5.073203961,SSP5_8_5
2084,3.043163662,3.990479073,5.14771496,SSP5_8_5
2085,3.078831638,4.042170397,5.221882324,SSP5_8_5
2086,3.115181914,4.093118878,5.296121508,SSP5_8_5
2087,3.151821984,4.145186055,5.371190231,SSP5_8_5
2088,3.185777588,4.197856046,5.446818681,SSP5_8_5
2089,3.222939557,4.249289921,5.520999108,SSP5_8_5
2090,3.259087689,4.300077477,5.59616637,SSP5_8_5
2091,3.292139075,4.35062671,5.667334776,SSP5_8_5
2092,3.327391452,4.401697899,5.739795115,SSP5_8_5
2093,3.362112586,4.450658071,5.810965954,SSP5_8_5
2094,3.395673853,4.49915057,5.88071757,SSP5_8_5
2095,3.429177569,4.548681042,5.950025008,SSP5_8_5
2096,3.46259621,4.596716455,6.01871215,SSP5_8_5
2097,3.494457517,4.644480698,6.086626108,SSP5_8_5
2098,3.526017902,4.689657502,6.153901049,SSP5_8_5
2099,3.556015743,4.734679405,6.219620642,SSP5_8_5
